<?xml version="1.0" encoding="UTF-8"?>
<beans:beans xmlns="http://www.springframework.org/schema/mvc"
	xmlns:xsi="http://www.w3.org/2001/XMLSchema-instance"
	xmlns:beans="http://www.springframework.org/schema/beans"
	xmlns:context="http://www.springframework.org/schema/context"
		xmlns:mvc="http://www.springframework.org/schema/mvc"
	xsi:schemaLocation="http://www.springframework.org/schema/mvc https://www.springframework.org/schema/mvc/spring-mvc.xsd
		http://www.springframework.org/schema/beans https://www.springframework.org/schema/beans/spring-beans.xsd
		http://www.springframework.org/schema/context https://www.springframework.org/schema/context/spring-context.xsd">

	<!-- DispatcherServlet Context: defines this servlet's request-processing infrastructure -->
	
	<!-- Enables the Spring MVC @Controller programming model -->
	<annotation-driven />

	<!-- Handles HTTP GET requests for /resources/** by efficiently serving up static resources in the ${webappRoot}/resources directory -->
	<resources mapping="/resources/**" location="/resources/" />

	<!-- Resolves views selected for rendering by @Controllers to .jsp resources in the /WEB-INF/views directory -->
	<beans:bean class="org.springframework.web.servlet.view.InternalResourceViewResolver">
		<beans:property name="prefix" value="/WEB-INF/views/" />
		<beans:property name="suffix" value=".jsp" />
	</beans:bean>
	
	<context:component-scan base-package="com.main.one" />
	
	<beans:bean name="dataSource"
		class="org.springframework.jdbc.datasource.DriverManagerDataSource">
		<beans:property name="driverClassName" value="oracle.jdbc.driver.OracleDriver" />
		<beans:property name="url" value="jdbc:oracle:thin:@localhost:1521:orcl" />
		<beans:property name="username" value="scott" />
		<beans:property name="password" value="123456" />	
	</beans:bean>

	<beans:bean name="template" class="org.springframework.jdbc.core.JdbcTemplate">
		<beans:property name="dataSource" ref="dataSource"></beans:property>
	</beans:bean>
	
	<beans:bean id="sqlSessionFactoryBean" class="org.mybatis.spring.SqlSessionFactoryBean">
		<beans:property name="dataSource" ref="dataSource" />
		<beans:property name="mapperLocations" 
		value="classpath*:com/main/one/mapper/*.xml" />
		
	</beans:bean>
	<beans:bean id="sqlSession" class="org.mybatis.spring.SqlSessionTemplate">
		<beans:constructor-arg index="0" ref="sqlSessionFactoryBean" />
	</beans:bean>
	
	<!-- 업로드 패스 설정 --> 
<beans:bean class="java.lang.String" id="uploadPath">
 <beans:constructor-arg value="D:\spring_set\spring_work\.metadata\.plugins\org.eclipse.wst.server.core\tmp0\wtpwebapps\homepage_6.12" />
</beans:bean>

<!-- 일반 파일 업로드 경로 -->
<resources mapping="/imgUpload/**" location="/resources/imgUpload/" />

<beans:bean class="org.springframework.web.multipart.commons.CommonsMultipartResolver" id="multipartResolver">
 <beans:property name="maxUploadSize" value="10485760"/>
</beans:bean>
	
	
</beans:beans>
