<?xml version="1.0" encoding="UTF-8"?>
<!DOCTYPE mapper
    PUBLIC "-//mybatis.org//DTD Mapper 3.0//EN"
    "http://mybatis.org/dtd/mybatis-3-mapper.dtd">
 
    <mapper namespace="com.main.one.mapper.UserMapper">
    
    <resultMap type="com.main.one.domain.UserVO" id="userVOResultMap">	
		<id property="userId" column="user_id"></id>
		<result property="userPw" column="user_pw" />
		<result property="userName" column="user_name" />
		<result property="userEmail" column="user_email" />

		
	</resultMap>
   
    <insert id="register" >
    
    INSERT INTO U_USER(user_id, user_pw, user_name, user_email)
    VALUES(#{userId}, #{userPw}, #{userName} ,#{userEmail})
    
    </insert>
    
    
    <select id="login" resultType="com.main.one.dao.UserDao"> 
    	SELECT
    	*
    	FROM U_USER
    	WHERE USER_ID = #{userId}
    	
    </select>
    
    </mapper>
